{"cameraMode":{"drawMode":0,"name":"Shaded","section":"Shading Mode"},"sceneLighting":true,"audioPlay":false,"sceneViewState":{"m_AlwaysRefresh":false,"showFog":true,"showSkybox":true,"showFlares":true,"showImageEffects":true,"showParticleSystems":true,"showVisualEffectGraphs":true,"m_FxEnabled":true},"in2DMode":false,"pivot":{"x":10.12982177734375,"y":10.262001991271973,"z":1.200148344039917},"rotation":{"x":-0.13983826339244843,"y":0.20336347818374635,"z":-0.029503706842660905,"w":-0.9686707854270935},"size":22.58525848388672,"orthographic":true}