{"cameraMode":{"drawMode":0,"name":"Shaded","section":"Shading Mode"},"sceneLighting":false,"audioPlay":false,"sceneViewState":{"m_AlwaysRefresh":false,"showFog":true,"showSkybox":false,"showFlares":true,"showImageEffects":true,"showParticleSystems":true,"showVisualEffectGraphs":true,"m_FxEnabled":true},"in2DMode":false,"pivot":{"x":-2.509164571762085,"y":8.280000686645508,"z":2.499406576156616},"rotation":{"x":0.03779442980885506,"y":-0.0029355986043810846,"z":0.0002512510400265455,"w":0.9994061589241028},"size":13.581421852111817,"orthographic":true}